{"cameraMode":{"drawMode":0,"name":"Shaded","section":"Shading Mode"},"sceneLighting":false,"audioPlay":false,"sceneViewState":{"m_AlwaysRefresh":false,"showFog":true,"showSkybox":false,"showFlares":true,"showImageEffects":true,"showParticleSystems":true,"showVisualEffectGraphs":true,"m_FxEnabled":true},"in2DMode":false,"pivot":{"x":-1.5698223114013672,"y":1.2774558067321778,"z":-0.26080116629600527},"rotation":{"x":0.2530745267868042,"y":0.5199347734451294,"z":-0.16303230822086335,"w":0.7993971705436707},"size":1.0194302797317505,"orthographic":false}