{"cameraMode":{"drawMode":0,"name":"Shaded","section":"Shading Mode"},"sceneLighting":false,"audioPlay":false,"sceneViewState":{"m_AlwaysRefresh":false,"showFog":true,"showSkybox":false,"showFlares":true,"showImageEffects":true,"showParticleSystems":true,"showVisualEffectGraphs":true,"m_FxEnabled":true},"in2DMode":false,"pivot":{"x":-7.6186604499816898,"y":0.6017903685569763,"z":-2.3234355449676515},"rotation":{"x":0.28521838784217837,"y":-0.013764007948338986,"z":0.005404689349234104,"w":0.9583550691604614},"size":1.0194305181503297,"orthographic":false}